-- SQL Homework number 1
-------------------------------------------
-- Question number 1 
-- For creating the Database i clicked right click on the "Databases" folder and chosed " New database".

-- Create Departments Table
USE [collage]
GO

Create Table dbo.Departments
		   (DepartmentId int ,  DepartmentName varchar(50));

-- insert data for Table Departments
USE [collage]
GO

INSERT INTO dbo.Departments (DepartmentId , DepartmentName )
		VALUES 
			(	1	,	'English'	)	,
			(	2	,	'Science'	)	,
			(	3	,	'Arts'	)	    ,
			(	4	,	'Sport'	)		;


-- Create Teachers Table 
USE [collage]
GO

Create Table dbo.Teachers
		   (TeacherId int ,  FirstName varchar(25) , LastName varchar(25) , Gender varchar(1));


-- insert data for Table Teachers

USE [collage]
GO

INSERT INTO dbo.Teachers (TeacherId , FirstName , LastName , Gender )
		VALUES 
				(	1	,	' Kaylea'	,	'Monzingo'	,	'F'	)	,
				(	2	,	' Amanda'	,	'Dworkin'	,	'F'	)	,
				(	3	,	' Jordyn'	,	'Baron'	,	'F'	)	,
				(	4	,	' Katherine'	,	'Dibari'	,	'F'	)	,
				(	5	,	' Heather'	,	'Metcalf'	,	'F'	)	,
				(	6	,	' Madison'	,	'Batan'	,	'F'	)	,
				(	7	,	' Cortnee'	,	'Kinderknecht'	,	'F'	)	,
				(	8	,	' Caroline'	,	'Knuesel'	,	'F'	)	,
				(	9	,	' Katerina'	,	'Young'	,	'F'	)	,
				(	10	,	' Mackenzie'	,	'Olsen'	,	'F'	)	,
				(	11	,	' Kaitlin'	,	'Delude'	,	'F'	)	,
				(	12	,	' Mikayla'	,	'Russell'	,	'F'	)	,
				(	13	,	' Alexander'	,	'Watts'	,	'M'	)	,
				(	14	,	' Jeffrey'	,	'Batzel'	,	'M'	)	,
				(	15	,	' Conor'	,	'Mckittrick'	,	'M'	)	,
				(	16	,	' Robert'	,	'Aivazian'	,	'M'	)	,
				(	17	,	' Tanner'	,	'Fitzsimons'	,	'M'	)	,
				(	18	,	' Daniel'	,	'Bland'	,	'M'	)	,
				(	19	,	' Terran'	,	'Beaty'	,	'M'	)	,
				(	20	,	' Zachary'	,	'Healy'	,	'M'	)	,
				(	21	,	' Ernest'	,	'Stoyanov'	,	'M'	)	,
				(	22	,	' Darick'	,	'Hess'	,	'M'	)	,
				(	23	,	' Maxwell'	,	'Romkee'	,	'M'	)	,
				(	24	,	' Keegan'	,	'Price'	,	'M'	)	;





-- Create Students Table 
USE [collage]
GO

Create Table dbo.Teachers

			(StudentId int , FirstName varchar(25) , LastName varchar(25) , Gender varchar(1);

-- insert data for Tab Students

USE [collage]
GO

INSERT INTO dbo.Students (StudentId , FirstName , LastName , Gender )
		VALUES
			(	162	,	' Elmira'	,	'Holston'	,	'F'	)	,
			(	154	,	' Sierra'	,	'Van Vorst'	,	'F'	)	,
			(	28	,	' Mycah'	,	'Bingham'	,	'F'	)	,
			(	54	,	' Alia'	,	'Jones'	,	'F'	)	,
			(	31	,	' Chanda'	,	'Fillmore'	,	'F'	)	,
			(	272	,	' Jennifer'	,	'Smith'	,	'F'	)	,
			(	266	,	' Maria'	,	'Gaddis'	,	'F'	)	,
			(	259	,	' Taiahbeth'	,	'Gerard'	,	'F'	)	,
			(	101	,	' Dakota'	,	'Iiams'	,	'F'	)	,
			(	171	,	' Emma'	,	'Gellatly'	,	'F'	)	,
			(	94	,	' Cydney'	,	'Petersen'	,	'F'	)	,
			(	210	,	' Breanna'	,	'Lightcap'	,	'F'	)	,
			(	76	,	' Caitlyn'	,	'Austin'	,	'F'	)	,
			(	92	,	' Jenny'	,	'Vanmeter'	,	'F'	)	,
			(	80	,	' Mckenna'	,	'Yoswa'	,	'F'	)	,
			(	265	,	' Hannah'	,	'Anttila'	,	'F'	)	,
			(	105	,	' Hannah'	,	'Wilkes'	,	'F'	)	,
			(	196	,	' Rebecca'	,	'Bruch'	,	'F'	)	,
			(	177	,	' Tamara'	,	'Webber'	,	'F'	)	,
			(	141	,	' Marissa'	,	'Karsten'	,	'F'	)	,
			(	124	,	' Shawna'	,	'East'	,	'F'	)	,
			(	197	,	' Abbey'	,	'Singley'	,	'F'	)	,
			(	121	,	' Corine'	,	'Hitch'	,	'F'	)	,
			(	2	,	' Cassie'	,	'Liska'	,	'F'	)	,
			(	225	,	' Megan'	,	'Edwards'	,	'F'	)	,
			(	97	,	' Amanda'	,	'Thomas'	,	'F'	)	,
			(	79	,	' Desiree'	,	'Baum'	,	'F'	)	,
			(	190	,	' Krista'	,	'Steigerwald'	,	'F'	)	,
			(	110	,	' Ashleigh'	,	'Conder'	,	'F'	)	,
			(	198	,	' Bibiana'	,	'Tonkin'	,	'F'	)	,
			(	179	,	' Asia'	,	'Roberts'	,	'F'	)	,
			(	251	,	' Heather'	,	'Williams'	,	'F'	)	,
			(	11	,	' Rachael'	,	'Williams'	,	'F'	)	,
			(	42	,	' Melissa'	,	'Crespin'	,	'F'	)	,
			(	70	,	' Kathryn'	,	'Olson'	,	'F'	)	,
			(	36	,	' Sarah'	,	'Sampson'	,	'F'	)	,
			(	131	,	' Brooke'	,	'Stimpson'	,	'F'	)	,
			(	240	,	' Katherine'	,	'Reid'	,	'F'	)	,
			(	32	,	' Mikaela'	,	'Anderson'	,	'F'	)	,
			(	215	,	' Sarah'	,	'Lodl'	,	'F'	)	,
			(	56	,	' Shelby'	,	'Robinson'	,	'F'	)	,
			(	123	,	' Kelsi'	,	'Taber'	,	'F'	)	,
			(	194	,	' Elizabeth'	,	'Collins'	,	'F'	)	,
			(	136	,	' Eve'	,	'Wells'	,	'F'	)	,
			(	233	,	' Alyssa'	,	'Zarazua'	,	'F'	)	,
			(	184	,	' Hailey'	,	'Nolke'	,	'F'	)	,
			(	181	,	' Samantha'	,	'Wright'	,	'F'	)	,
			(	9	,	' Madalyn'	,	'Miller'	,	'F'	)	,
			(	113	,	' Emily'	,	'Derr'	,	'F'	)	,
			(	156	,	' Alexis'	,	'Cruse'	,	'F'	)	,
			(	152	,	' Savanna'	,	'Crochet'	,	'F'	)	,
			(	23	,	' Angela'	,	'Palermo'	,	'F'	)	,
			(	3	,	' Hayley'	,	'Frank'	,	'F'	)	,
			(	140	,	' Kayla'	,	'Beard'	,	'F'	)	,
			(	22	,	' Alexandrea'	,	'Hannafious'	,	'F'	)	,
			(	176	,	' Ceanna'	,	'Cimino'	,	'F'	)	,
			(	279	,	' Samantha'	,	'Berend'	,	'F'	)	,
			(	234	,	' Adrianna'	,	'Bean'	,	'F'	)	,
			(	1	,	' Alexandria'	,	'Heller'	,	'F'	)	,
			(	200	,	' Elizabeth'	,	'Nelson'	,	'F'	)	,
			(	39	,	' Kayli'	,	'May'	,	'F'	)	,
			(	12	,	' Sophiya'	,	'Aponte'	,	'F'	)	,
			(	89	,	' Megan'	,	'Gerber'	,	'F'	)	,
			(	241	,	' Kaitlyn'	,	'Tuttle'	,	'F'	)	,
			(	230	,	' Heather'	,	'Bretz'	,	'F'	)	,
			(	106	,	' Alyssa'	,	'Cox'	,	'F'	)	,
			(	59	,	' Erika'	,	'Schilling'	,	'F'	)	,
			(	187	,	' Sabrina'	,	'Mcclure'	,	'F'	)	,
			(	270	,	' Brooke'	,	'Bishop'	,	'F'	)	,
			(	166	,	' Hailey'	,	'Landeros'	,	'F'	)	,
			(	211	,	' Heather'	,	'Franz'	,	'F'	)	,
			(	274	,	' Samantha'	,	'Anderson'	,	'F'	)	,
			(	72	,	' Hallie'	,	'Lockhart'	,	'F'	)	,
			(	173	,	' Natalie'	,	'Pridemore'	,	'F'	)	,
			(	157	,	' Cheyenne'	,	'Shawver'	,	'F'	)	,
			(	170	,	' Tarah'	,	'Gunnett'	,	'F'	)	,
			(	41	,	' Allison'	,	'Otey'	,	'F'	)	,
			(	189	,	' Jean'	,	'Brown'	,	'F'	)	,
			(	16	,	' Anina'	,	'Meneses'	,	'F'	)	,
			(	20	,	' Darby'	,	'Cobb'	,	'F'	)	,
			(	129	,	' Emily'	,	'Taylor'	,	'F'	)	,
			(	132	,	' Ellen'	,	'Einhellig'	,	'F'	)	,
			(	164	,	' Laurie'	,	'Kelso'	,	'F'	)	,
			(	168	,	' Alyssa'	,	'Grounds'	,	'F'	)	,
			(	34	,	' Caitlin'	,	'Guthrie'	,	'F'	)	,
			(	232	,	' Victoria'	,	'Kishinevsky'	,	'F'	)	,
			(	100	,	' Kelsie'	,	'Straus'	,	'F'	)	,
			(	77	,	' Brooke'	,	'Sandrock'	,	'F'	)	,
			(	116	,	' Kara'	,	'Morago'	,	'F'	)	,
			(	52	,	' Estell'	,	'Roche'	,	'F'	)	,
			(	91	,	' Natalie'	,	'Backlund'	,	'F'	)	,
			(	142	,	' Jennifer'	,	'Jones'	,	'F'	)	,
			(	145	,	' Kaylin'	,	'Jonseof'	,	'F'	)	,
			(	275	,	' Elise'	,	'Ohler'	,	'F'	)	,
			(	117	,	' Charlotte'	,	'Krimstock'	,	'F'	)	,
			(	174	,	' Anna'	,	'Cain'	,	'F'	)	,
			(	128	,	' Caitlyn'	,	'Simmons'	,	'F'	)	,
			(	40	,	' Kira'	,	'Dowswell'	,	'F'	)	,
			(	153	,	' Mercede'	,	'Cawthorne'	,	'F'	)	,
			(	21	,	' Kayla'	,	'Cameron'	,	'F'	)	,
			(	57	,	' Erin'	,	'Collins'	,	'F'	)	,
			(	250	,	' Robin'	,	'Golbus'	,	'F'	)	,
			(	263	,	' Kara'	,	'Sedlak'	,	'F'	)	,
			(	84	,	' Alyx'	,	'Hufford'	,	'F'	)	,
			(	133	,	' Julia'	,	'Lamont'	,	'F'	)	,
			(	254	,	' Victoria'	,	'Wert'	,	'F'	)	,
			(	120	,	' Alissa'	,	'Marsh'	,	'F'	)	,
			(	10	,	' Katrina'	,	'Miller'	,	'F'	)	,
			(	45	,	' Monica'	,	'Craig'	,	'F'	)	,
			(	256	,	' Kristina'	,	'Heline'	,	'F'	)	,
			(	119	,	' Raeanne'	,	'Mcguire'	,	'F'	)	,
			(	134	,	' Jenna'	,	'Swindler'	,	'F'	)	,
			(	88	,	' Maia'	,	'Kassem'	,	'F'	)	,
			(	278	,	' Sydney'	,	'Blas'	,	'F'	)	,
			(	86	,	' Alyssa'	,	'Fabian'	,	'F'	)	,
			(	51	,	' Kiana'	,	'Wilson'	,	'F'	)	,
			(	102	,	' Mercedes'	,	'Coyle'	,	'F'	)	,
			(	25	,	' Morgan'	,	'Wikowsky'	,	'F'	)	,
			(	243	,	' Haley'	,	'Mcguire'	,	'F'	)	,
			(	231	,	' Malena'	,	'Wofford'	,	'F'	)	,
			(	96	,	' Danielle'	,	'Smotherman'	,	'F'	)	,
			(	180	,	' Erin'	,	'Johnson'	,	'F'	)	,
			(	95	,	' Kaily'	,	'Omerigic'	,	'F'	)	,
			(	163	,	' Danika'	,	'Gordon'	,	'F'	)	,
			(	229	,	' Shelby'	,	'Lucio'	,	'F'	)	,
			(	221	,	' Tamera'	,	'Engel'	,	'F'	)	,
			(	118	,	' Molly'	,	'Galasso'	,	'F'	)	,
			(	144	,	' Elizabeth'	,	'Maliszewski'	,	'F'	)	,
			(	191	,	' Sarah'	,	'Bencomo'	,	'F'	)	,
			(	209	,	' Ashley'	,	'Cannon'	,	'F'	)	,
			(	220	,	' Rachel'	,	'Halbert'	,	'F'	)	,
			(	182	,	' Madison'	,	'Rutherford'	,	'F'	)	,
			(	245	,	' Mariah'	,	'Fox'	,	'F'	)	,
			(	207	,	' Samantha'	,	'Trice'	,	'F'	)	,
			(	175	,	' Macey'	,	'Wilson'	,	'F'	)	,
			(	114	,	' Nichole'	,	'Fisher'	,	'F'	)	,
			(	247	,	' Michaela'	,	'Anderson'	,	'F'	)	,
			(	271	,	' Mckayla'	,	'Greaser'	,	'F'	)	,
			(	104	,	' Jaquelyn'	,	'Borcic'	,	'F'	)	,
			(	208	,	' Alicia'	,	'Schlichting'	,	'F'	)	,
			(	126	,	' Jane'	,	'Breidt'	,	'F'	)	,
			(	202	,	' Autumn'	,	'Major'	,	'F'	)	,
			(	260	,	' Samantha'	,	'Untiedt'	,	'F'	)	,
			(	224	,	' Becka'	,	'Kitchen'	,	'F'	)	,
			(	147	,	' Melissa'	,	'Harman'	,	'F'	)	,
			(	7	,	' Katrina'	,	'Evers'	,	'F'	)	,
			(	65	,	' Julieann'	,	'Walker'	,	'F'	)	,
			(	199	,	' Ashton'	,	'Dixon'	,	'F'	)	,
			(	14	,	' Rossi'	,	'Panelli'	,	'F'	)	,
			(	69	,	' Kaitlyn'	,	'Brown'	,	'F'	)	,
			(	85	,	' Alyssa'	,	'Thornton'	,	'F'	)	,
			(	183	,	' Ashley'	,	'Walkey'	,	'F'	)	,
			(	15	,	' Catherine'	,	'Sturgeon'	,	'F'	)	,
			(	6	,	' Chelsea'	,	'Vuolo'	,	'F'	)	,
			(	268	,	' Lauren'	,	'Salazar'	,	'F'	)	,
			(	219	,	' Ashley'	,	'Beziou'	,	'F'	)	,
			(	252	,	' Kori'	,	'Roper'	,	'F'	)	,
			(	267	,	' Catherine'	,	'Lemme'	,	'F'	)	,
			(	150	,	' Emily'	,	'Beach'	,	'F'	)	,
			(	226	,	' Kalyn'	,	'Schroeder'	,	'F'	)	,
			(	214	,	' Katelyn'	,	'Miller'	,	'F'	)	,
			(	67	,	' Valerie'	,	'Dyer'	,	'F'	)	,
			(	206	,	' Rachel'	,	'Westcott'	,	'F'	)	,
			(	24	,	' Sarah'	,	'Reilly-Vessey'	,	'F'	)	,
			(	146	,	' Brighid'	,	'Hoenig'	,	'F'	)	,
			(	122	,	' Fisher'	,	'Harper'	,	'M'	)	,
			(	258	,	' Christian'	,	'Boucher'	,	'M'	)	,
			(	195	,	' Zachary'	,	'Yeager'	,	'M'	)	,
			(	35	,	' Wolfgang'	,	'Sinski'	,	'M'	)	,
			(	18	,	' Austin'	,	'Power'	,	'M'	)	,
			(	127	,	' Andrew'	,	'Holiday'	,	'M'	)	,
			(	149	,	' Alec'	,	'Miller'	,	'M'	)	,
			(	37	,	' Trevor'	,	'Cook'	,	'M'	)	,
			(	165	,	' Austin'	,	'Norris'	,	'M'	)	,
			(	5	,	' Dylan'	,	'Boehm'	,	'M'	)	,
			(	185	,	' Christopher'	,	'Patzoldt'	,	'M'	)	,
			(	66	,	' Bryce'	,	'Unger'	,	'M'	)	,
			(	151	,	' Eric'	,	'Haggard'	,	'M'	)	,
			(	169	,	' Patrick'	,	'Hinds'	,	'M'	)	,
			(	148	,	' Cody'	,	'Malacarne'	,	'M'	)	,
			(	158	,	' Mitchell'	,	'Fellhauer'	,	'M'	)	,
			(	75	,	' Samuel'	,	'Sellers'	,	'M'	)	,
			(	244	,	' Kyle'	,	'Albarelle'	,	'M'	)	,
			(	30	,	' Kyle'	,	'Nibbelink'	,	'M'	)	,
			(	227	,	' Shepherd'	,	'Gillham'	,	'M'	)	,
			(	238	,	' Jesse'	,	'Williamson'	,	'M'	)	,
			(	255	,	' Derrick'	,	'Mayberry'	,	'M'	)	,
			(	280	,	' Matthew'	,	'Mcgrath'	,	'M'	)	,
			(	107	,	' Gordon'	,	'Martensen'	,	'M'	)	,
			(	277	,	' Bryan'	,	'Medina'	,	'M'	)	,
			(	249	,	' Benjamin'	,	'Schott'	,	'M'	)	,
			(	82	,	' Andrew'	,	'Porter'	,	'M'	)	,
			(	49	,	' Kyle'	,	'Bartels'	,	'M'	)	,
			(	130	,	' Cory'	,	'Packard'	,	'M'	)	,
			(	192	,	' Gunnar'	,	'Abdulbaki'	,	'M'	)	,
			(	33	,	' Chance'	,	'Bittle'	,	'M'	)	,
			(	186	,	' Shaun'	,	'Krasovic'	,	'M'	)	,
			(	217	,	' Samuel'	,	'Pohlman'	,	'M'	)	,
			(	276	,	' Dylan'	,	'Bannister'	,	'M'	)	,
			(	74	,	' Wyatt'	,	'Maus'	,	'M'	)	,
			(	115	,	' Justin'	,	'Greenhalge'	,	'M'	)	,
			(	213	,	' Clifford'	,	'Coon'	,	'M'	)	,
			(	17	,	' Cody'	,	'Dawkins'	,	'M'	)	,
			(	235	,	' Justin'	,	'Sauerland'	,	'M'	)	,
			(	253	,	' Ruben'	,	'Mosher'	,	'M'	)	,
			(	60	,	' Zachary'	,	'Storey'	,	'M'	)	,
			(	112	,	' Dallas'	,	'Moyer'	,	'M'	)	,
			(	212	,	' Liam'	,	'Degenhardt'	,	'M'	)	,
			(	242	,	' Alex'	,	'Mandel'	,	'M'	)	,
			(	160	,	' Tyler'	,	'Menard'	,	'M'	)	,
			(	53	,	' Chase'	,	'Thorstensen'	,	'M'	)	,
			(	264	,	' Mitchell'	,	'Fiore'	,	'M'	)	,
			(	87	,	' David'	,	'Heffron'	,	'M'	)	,
			(	178	,	' Kevin'	,	'Roman'	,	'M'	)	,
			(	58	,	' Christopher'	,	'Buckley'	,	'M'	)	,
			(	111	,	' Robert'	,	'Adams'	,	'M'	)	,
			(	125	,	' Kevin'	,	'Shumate'	,	'M'	)	,
			(	26	,	' Kyle'	,	'Shepler'	,	'M'	)	,
			(	43	,	' Zachary'	,	'Haney'	,	'M'	)	,
			(	273	,	' Kenneth'	,	'Lemmon'	,	'M'	)	,
			(	155	,	' Erik'	,	'Strong'	,	'M'	)	,
			(	138	,	' Aaron'	,	'Dejoy'	,	'M'	)	,
			(	78	,	' Bryan'	,	'Haining'	,	'M'	)	,
			(	193	,	' Mason'	,	'Batchler'	,	'M'	)	,
			(	109	,	' Austin'	,	'Mottaghi'	,	'M'	)	,
			(	61	,	' Cory'	,	'Seabolt'	,	'M'	)	,
			(	99	,	' Jesse'	,	'Blacklock'	,	'M'	)	,
			(	172	,	' Matthew'	,	'Dougan'	,	'M'	)	,
			(	27	,	' Shawn'	,	'Foster'	,	'M'	)	,
			(	203	,	' Trenton'	,	'Goter'	,	'M'	)	,
			(	261	,	' Jordan'	,	'Tapp'	,	'M'	)	,
			(	83	,	' Adam'	,	'Stubblefield'	,	'M'	)	,
			(	205	,	' Austin'	,	'Jones'	,	'M'	)	,
			(	68	,	' Nicholas'	,	'Mckinney'	,	'M'	)	,
			(	48	,	' Kristian'	,	'Wombaker'	,	'M'	)	,
			(	19	,	' Devin'	,	'Tolstykh'	,	'M'	)	,
			(	4	,	' Maxwell'	,	'Kotch'	,	'M'	)	,
			(	139	,	' Damion'	,	'Holladay'	,	'M'	)	,
			(	222	,	' Courtney'	,	'Shannahan'	,	'M'	)	,
			(	81	,	' Carter'	,	'Stasinos'	,	'M'	)	,
			(	161	,	' Cullen'	,	'Brewton'	,	'M'	)	,
			(	103	,	' Elias'	,	'Scharnikow'	,	'M'	)	,
			(	98	,	' Cody'	,	'Negley'	,	'M'	)	,
			(	262	,	' Luke'	,	'Van Cleave'	,	'M'	)	,
			(	13	,	' Elijah'	,	'Hogan'	,	'M'	)	,
			(	143	,	' Joshua'	,	'Spatafora'	,	'M'	)	,
			(	159	,	' Tyler'	,	'Helmuth'	,	'M'	)	,
			(	8	,	' Sean'	,	'Hasenack'	,	'M'	)	,
			(	237	,	' Joshua'	,	'Noel'	,	'M'	)	,
			(	201	,	' Levi'	,	'Mcpeak'	,	'M'	)	,
			(	62	,	' Cody'	,	'Chermak'	,	'M'	)	,
			(	44	,	' Edward'	,	'Swendson'	,	'M'	)	,
			(	47	,	' Keenan'	,	'Willy'	,	'M'	)	,
			(	93	,	' Dylan'	,	'Hartwig'	,	'M'	)	,
			(	188	,	' Brandon'	,	'Volk'	,	'M'	)	,
			(	50	,	' Zacary'	,	'Story'	,	'M'	)	,
			(	137	,	' Jerod'	,	'Ross'	,	'M'	)	,
			(	257	,	' Nicholas'	,	'Roth'	,	'M'	)	,
			(	239	,	' Evan'	,	'Fossett'	,	'M'	)	,
			(	63	,	' Francis'	,	'Hupp'	,	'M'	)	,
			(	64	,	' Noah'	,	'Berzina'	,	'M'	)	,
			(	223	,	' Edward'	,	'Doniger'	,	'M'	)	,
			(	204	,	' Luke'	,	'Taylor'	,	'M'	)	,
			(	216	,	' Ryan'	,	'Weinstein'	,	'M'	)	,
			(	167	,	' Jameson'	,	'Kinmartin'	,	'M'	)	,
			(	38	,	' Dustin'	,	'Mccarthy'	,	'M'	)	,
			(	29	,	' Chance'	,	'Mcdonough'	,	'M'	)	,
			(	71	,	' William'	,	'Listy'	,	'M'	)	,
			(	236	,	' Skylar'	,	'Blake'	,	'M'	)	,
			(	90	,	' Harrison'	,	'Olkowski'	,	'M'	)	,
			(	248	,	' Wyatt'	,	'Yeros'	,	'M'	)	,
			(	108	,	' Kevin'	,	'Clifton'	,	'M'	)	,
			(	46	,	' Clayton'	,	'Rehm'	,	'M'	)	,
			(	73	,	' Eric'	,	'Abeyta'	,	'M'	)	,
			(	135	,	' Daniel'	,	'Thelen-Wade'	,	'M'	)	,
			(	246	,	' Preston'	,	'Sprouse'	,	'M'	)	,
			(	55	,	' Dmitriy'	,	'Gage'	,	'M'	)	,
			(	218	,	' Skyler'	,	'Norris'	,	'M'	)	,
			(	269	,	' Tyler'	,	'Raymond'	,	'M'	)	,
			(	228	,	' Dylan'	,	'Davis'	,	'M'	)	;





-- Create Courses Table 

USE [collage]
GO

Create Table dbo.Courses
			(CourseId int , CourseName varchar(25) , DepartmentID int , TeacherId int); 


-- insert data for Tab Courses

USE [collage]
GO

INSERT INTO dbo.Courses (CourseId , CourseName , DepartmentID , TeacherId )
		VALUES
			(	1	,	'English Begginers'	,	'1'	,	'15'	)	,
			(	2	,	'Advanced English'	,	'1'	,	'15'	)	,
			(	3	,	'Proffesional English'	,	'1'	,	'15'	)	,
			(	4	,	'Mathematics 101'	,	'2'	,	'2'	)	,
			(	5	,	'Matematics Advanced'	,	'2'	,	'13'	)	,
			(	6	,	'Algebra'	,	'2'	,	'13'	)	,
			(	7	,	'Geometry'	,	'2'	,	'13'	)	,
			(	8	,	'Chemistry'	,	'2'	,	'14'	)	,
			(	9	,	'Physics'	,	'2'	,	'13'	)	,
			(	10	,	'Biology'	,	'2'	,	'3'	)	,
			(	11	,	'Genetics'	,	'2'	,	'19'	)	,
			(	12	,	'Neurobiology'	,	'2'	,	'19'	)	,
			(	13	,	'Statistics'	,	'2'	,	'5'	)	,
			(	14	,	'Computer Science'	,	'2'	,	'1'	)	,
			(	15	,	'Data Science'	,	'2'	,	'10'	)	,
			(	16	,	'SQL'	,	'2'	,	'20'	)	,
			(	17	,	'Python'	,	'2'	,	'19'	)	,
			(	18	,	'R'	,	'2'	,	'17'	)	,
			(	19	,	'Java'	,	'2'	,	'22'	)	,
			(	20	,	'History of Arts'	,	'3'	,	'8'	)	,
			(	21	,	'Painting'	,	'3'	,	'9'	)	,
			(	22	,	'Sculpture'	,	'3'	,	'16'	)	,
			(	23	,	'Musicology'	,	'3'	,	'6'	)	,
			(	24	,	'Theater'	,	'3'	,	'21'	)	,
			(	25	,	'Literature'	,	'3'	,	'18'	)	,
			(	26	,	'Basketball'	,	'4'	,	'4'	)	,
			(	27	,	'Volleyball'	,	'4'	,	'11'	)	,
			(	28	,	'Football'	,	'4'	,	'7'	)	,
			(	29	,	'Tenis'	,	'4'	,	'24'	)	,
			(	30	,	'Swimming'	,	'4'	,	'12'	)	,
			(	31	,	'Gymnastics'	,	'4'	,	'23'	)	;



-- Create Classrooms Table 

USE [collage]
GO

Create Table dbo.Classrooms
			(CourseId int , StudentId int , degree float);
			
-- insert data for Tab Classrooms

USE [collage]
GO

INSERT INTO dbo.Classrooms (CourseId , StudentId , degree )
		VALUES 
			(	1	,	202	,	92.03107017	)	,
			(	1	,	12	,	81.17591619	)	,
			(	1	,	232	,	82.39658666	)	,
			(	1	,	123	,	62.42044866	)	,
			(	1	,	274	,	72.56990008	)	,
			(	1	,	150	,	79.51124055	)	,
			(	1	,	161	,	65.43802492	)	,
			(	1	,	39	,	100	)	,
			(	1	,	251	,	80.60335164	)	,
			(	1	,	30	,	75.84617141	)	,
			(	1	,	191	,	66.91044898	)	,
			(	1	,	253	,	93.97991805	)	,
			(	1	,	235	,	77.25631352	)	,
			(	1	,	46	,	70.25909827	)	,
			(	1	,	4	,	70.92980073	)	,
			(	1	,	151	,	82.74855357	)	,
			(	1	,	187	,	84.39656536	)	,
			(	1	,	18	,	82.55218072	)	,
			(	1	,	3	,	83.97224533	)	,
			(	1	,	157	,	64.4895372	)	,
			(	1	,	42	,	72.04824318	)	,
			(	1	,	231	,	81.60827435	)	,
			(	1	,	107	,	73.63925522	)	,
			(	1	,	69	,	99.0145154	)	,
			(	1	,	104	,	74.03952371	)	,
			(	1	,	87	,	82.37332999	)	,
			(	1	,	160	,	70.04406019	)	,
			(	1	,	111	,	76.95619205	)	,
			(	1	,	196	,	90.65603273	)	,
			(	1	,	171	,	78.3448544	)	,
			(	1	,	275	,	71.61745075	)	,
			(	1	,	22	,	89.6267824	)	,
			(	2	,	45	,	84.429569	)	,
			(	2	,	239	,	87.35948196	)	,
			(	2	,	61	,	75.1606039	)	,
			(	2	,	156	,	66.02274455	)	,
			(	2	,	135	,	87.92356646	)	,
			(	2	,	267	,	80.61282033	)	,
			(	2	,	40	,	70.38013521	)	,
			(	2	,	169	,	81.96201579	)	,
			(	2	,	191	,	76.30086029	)	,
			(	2	,	63	,	86.73190764	)	,
			(	2	,	206	,	88.53569924	)	,
			(	2	,	26	,	96.49319085	)	,
			(	2	,	34	,	76.12764561	)	,
			(	2	,	94	,	76.79176496	)	,
			(	2	,	227	,	73.16304151	)	,
			(	2	,	164	,	83.61717308	)	,
			(	2	,	109	,	77.54216021	)	,
			(	2	,	110	,	81.01502286	)	,
			(	2	,	12	,	85.11564226	)	,
			(	2	,	197	,	80.19949999	)	,
			(	2	,	86	,	74.38893285	)	,
			(	2	,	68	,	86.62812122	)	,
			(	2	,	43	,	73.33201224	)	,
			(	2	,	222	,	57.87601754	)	,
			(	3	,	251	,	80.32482128	)	,
			(	3	,	185	,	98.02941628	)	,
			(	3	,	64	,	82.64761693	)	,
			(	3	,	237	,	77.24736332	)	,
			(	3	,	167	,	70.30277468	)	,
			(	3	,	8	,	89.07397153	)	,
			(	3	,	82	,	77.50823715	)	,
			(	3	,	127	,	74.68046574	)	,
			(	3	,	74	,	93.62195722	)	,
			(	3	,	208	,	78.56803191	)	,
			(	3	,	204	,	83.49249223	)	,
			(	3	,	114	,	78.08496669	)	,
			(	3	,	222	,	81.93696347	)	,
			(	3	,	160	,	78.34908242	)	,
			(	3	,	195	,	77.17141928	)	,
			(	3	,	60	,	81.89084689	)	,
			(	3	,	101	,	76.17951231	)	,
			(	3	,	223	,	64.20389783	)	,
			(	3	,	97	,	54.83580031	)	,
			(	3	,	26	,	82.74085625	)	,
			(	3	,	146	,	84.78509939	)	,
			(	3	,	28	,	85.84269552	)	,
			(	3	,	109	,	81.61398095	)	,
			(	3	,	263	,	76.47872619	)	,
			(	3	,	45	,	72.94142951	)	,
			(	3	,	94	,	70.85229031	)	,
			(	3	,	233	,	66.90944342	)	,
			(	3	,	129	,	85.85163554	)	,
			(	3	,	234	,	81.06337339	)	,
			(	3	,	258	,	84.37607276	)	,
			(	3	,	51	,	65.85501818	)	,
			(	3	,	168	,	73.22527371	)	,
			(	3	,	192	,	74.88285177	)	,
			(	3	,	42	,	72.22562922	)	,
			(	3	,	189	,	74.16352795	)	,
			(	3	,	132	,	78.77515152	)	,
			(	3	,	100	,	76.16236035	)	,
			(	3	,	149	,	73.69163634	)	,
			(	4	,	140	,	86.23260337	)	,
			(	4	,	63	,	78.33050763	)	,
			(	4	,	254	,	75.88497448	)	,
			(	4	,	51	,	75.15758455	)	,
			(	4	,	37	,	80.33117757	)	,
			(	4	,	92	,	71.77901414	)	,
			(	4	,	187	,	77.22618099	)	,
			(	4	,	53	,	76.37771317	)	,
			(	4	,	86	,	75.39478102	)	,
			(	4	,	111	,	62.16384361	)	,
			(	4	,	168	,	88.95557808	)	,
			(	4	,	222	,	69.84170998	)	,
			(	4	,	84	,	84.34171013	)	,
			(	4	,	196	,	71.54299537	)	,
			(	4	,	202	,	73.38732837	)	,
			(	4	,	17	,	82.85316139	)	,
			(	4	,	252	,	83.65392684	)	,
			(	4	,	273	,	70.74306182	)	,
			(	5	,	222	,	59.13010897	)	,
			(	5	,	20	,	80.59359074	)	,
			(	5	,	53	,	79.46823198	)	,
			(	5	,	227	,	63.77413773	)	,
			(	5	,	275	,	88.28336147	)	,
			(	5	,	83	,	89.16463113	)	,
			(	5	,	60	,	83.04907333	)	,
			(	5	,	38	,	64.1037472	)	,
			(	5	,	237	,	68.7370078	)	,
			(	5	,	34	,	69.06573763	)	,
			(	6	,	154	,	84.13736736	)	,
			(	6	,	11	,	75.6340565	)	,
			(	6	,	46	,	76.29684312	)	,
			(	6	,	153	,	93.47765178	)	,
			(	6	,	229	,	85.98634064	)	,
			(	6	,	28	,	62.86841144	)	,
			(	6	,	65	,	80.4710673	)	,
			(	6	,	63	,	68.66635685	)	,
			(	6	,	207	,	83.81873258	)	,
			(	6	,	3	,	76.2983942	)	,
			(	6	,	258	,	84.21607904	)	,
			(	6	,	161	,	86.8519401	)	,
			(	7	,	104	,	73.95389008	)	,
			(	7	,	65	,	72.74605743	)	,
			(	7	,	28	,	83.45896155	)	,
			(	7	,	226	,	70.15210562	)	,
			(	7	,	66	,	62.31861572	)	,
			(	7	,	198	,	69.77740985	)	,
			(	7	,	130	,	66.72033759	)	,
			(	7	,	28	,	70.46076148	)	,
			(	7	,	134	,	67.38885941	)	,
			(	7	,	26	,	90.83396997	)	,
			(	7	,	246	,	87.27345301	)	,
			(	7	,	127	,	71.17350323	)	,
			(	7	,	270	,	83.38343234	)	,
			(	7	,	79	,	80.55041858	)	,
			(	8	,	7	,	82.94265508	)	,
			(	8	,	144	,	84.28020979	)	,
			(	8	,	186	,	77.20043526	)	,
			(	8	,	202	,	83.563932	)	,
			(	8	,	66	,	83.99463253	)	,
			(	8	,	255	,	74.42686152	)	,
			(	8	,	110	,	81.60645238	)	,
			(	8	,	187	,	78.9309806	)	,
			(	8	,	162	,	65.98705035	)	,
			(	8	,	191	,	88.54454135	)	,
			(	8	,	128	,	80.50841301	)	,
			(	8	,	36	,	80.30496588	)	,
			(	8	,	263	,	61.90314601	)	,
			(	8	,	19	,	78.17423871	)	,
			(	8	,	62	,	70.20170147	)	,
			(	8	,	161	,	66.26152919	)	,
			(	8	,	153	,	78.94117591	)	,
			(	8	,	234	,	66.92171027	)	,
			(	8	,	174	,	70.60112544	)	,
			(	8	,	114	,	70.34761984	)	,
			(	8	,	213	,	79.81693934	)	,
			(	8	,	117	,	72.87827623	)	,
			(	8	,	61	,	80.83236016	)	,
			(	8	,	191	,	82.54040204	)	,
			(	9	,	253	,	69.3082843	)	,
			(	9	,	176	,	59.79572103	)	,
			(	9	,	39	,	82.05393314	)	,
			(	9	,	99	,	75.77878404	)	,
			(	9	,	140	,	76.45158707	)	,
			(	9	,	147	,	73.26069808	)	,
			(	9	,	203	,	68.31184531	)	,
			(	9	,	15	,	79.51171488	)	,
			(	9	,	100	,	73.26727395	)	,
			(	9	,	75	,	73.64875165	)	,
			(	9	,	30	,	80.74306973	)	,
			(	9	,	276	,	65.65436087	)	,
			(	10	,	233	,	82.63793267	)	,
			(	10	,	161	,	60.17529727	)	,
			(	10	,	5	,	100	)	,
			(	10	,	102	,	77.69529567	)	,
			(	10	,	59	,	78.64376635	)	,
			(	10	,	45	,	85.73174551	)	,
			(	10	,	182	,	80.88912509	)	,
			(	10	,	76	,	87.40931806	)	,
			(	10	,	128	,	82.39658335	)	,
			(	10	,	118	,	77.92917563	)	,
			(	10	,	257	,	85.97288153	)	,
			(	10	,	258	,	96.67974291	)	,
			(	10	,	239	,	72.20446186	)	,
			(	10	,	175	,	87.64983028	)	,
			(	10	,	90	,	78.44983758	)	,
			(	10	,	277	,	76.98531177	)	,
			(	10	,	208	,	81.45460405	)	,
			(	10	,	99	,	79.2692793	)	,
			(	10	,	57	,	76.12379464	)	,
			(	10	,	60	,	77.13873024	)	,
			(	10	,	278	,	72.57801696	)	,
			(	10	,	13	,	65.11722636	)	,
			(	10	,	138	,	57.97800657	)	,
			(	10	,	68	,	85.5734094	)	,
			(	10	,	83	,	74.62070029	)	,
			(	10	,	1	,	86.41991417	)	,
			(	10	,	188	,	89.12348842	)	,
			(	10	,	75	,	73.46541304	)	,
			(	10	,	214	,	74.91180673	)	,
			(	10	,	146	,	75.8849252	)	,
			(	10	,	260	,	77.16104581	)	,
			(	10	,	9	,	87.71723678	)	,
			(	10	,	224	,	91.41412585	)	,
			(	10	,	109	,	80.80688184	)	,
			(	10	,	42	,	90.00266374	)	,
			(	10	,	66	,	98.05019298	)	,
			(	11	,	2	,	73.05046201	)	,
			(	11	,	1	,	79.38112465	)	,
			(	11	,	185	,	78.75384109	)	,
			(	11	,	267	,	85.06028284	)	,
			(	11	,	70	,	88.24573286	)	,
			(	11	,	96	,	93.67115657	)	,
			(	11	,	221	,	87.74938783	)	,
			(	11	,	86	,	81.64979557	)	,
			(	11	,	61	,	94.28176996	)	,
			(	11	,	21	,	71.94353315	)	,
			(	11	,	163	,	87.12689326	)	,
			(	11	,	192	,	81.5889597	)	,
			(	11	,	74	,	88.93359662	)	,
			(	11	,	209	,	79.01479902	)	,
			(	11	,	201	,	73.67352233	)	,
			(	11	,	56	,	94.41972714	)	,
			(	11	,	29	,	86.98871469	)	,
			(	11	,	252	,	84.48539082	)	,
			(	11	,	49	,	64.68605226	)	,
			(	11	,	131	,	75.61064297	)	,
			(	11	,	171	,	75.72107416	)	,
			(	11	,	190	,	96.89657881	)	,
			(	11	,	59	,	84.87085879	)	,
			(	11	,	224	,	73.37953712	)	,
			(	11	,	195	,	69.3819228	)	,
			(	11	,	226	,	67.15948502	)	,
			(	11	,	128	,	90.25882706	)	,
			(	11	,	185	,	80.66207992	)	,
			(	11	,	220	,	82.16002688	)	,
			(	11	,	89	,	83.07272369	)	,
			(	11	,	20	,	96.48737735	)	,
			(	11	,	69	,	71.15859696	)	,
			(	11	,	16	,	85.20111808	)	,
			(	11	,	18	,	84.38098825	)	,
			(	11	,	135	,	49.23654441	)	,
			(	11	,	51	,	62.95364663	)	,
			(	11	,	251	,	79.40681696	)	,
			(	11	,	172	,	75.64085093	)	,
			(	12	,	265	,	75.87067113	)	,
			(	12	,	27	,	69.9937603	)	,
			(	12	,	6	,	74.35853457	)	,
			(	12	,	277	,	77.5412998	)	,
			(	12	,	255	,	79.74981706	)	,
			(	12	,	249	,	81.88772571	)	,
			(	12	,	124	,	90.55684067	)	,
			(	12	,	102	,	76.87817969	)	,
			(	12	,	213	,	88.12235264	)	,
			(	12	,	280	,	72.30325787	)	,
			(	12	,	134	,	78.83450886	)	,
			(	12	,	239	,	75.13229509	)	,
			(	12	,	4	,	74.15706568	)	,
			(	12	,	201	,	80.58304967	)	,
			(	12	,	146	,	67.37047977	)	,
			(	12	,	18	,	83.22389253	)	,
			(	12	,	72	,	75.6023628	)	,
			(	12	,	80	,	75.0579582	)	,
			(	12	,	223	,	68.25539535	)	,
			(	12	,	77	,	79.19894421	)	,
			(	12	,	269	,	67.85692905	)	,
			(	12	,	115	,	78.80000562	)	,
			(	12	,	7	,	78.86970765	)	,
			(	12	,	10	,	74.31480323	)	,
			(	13	,	280	,	79.08989389	)	,
			(	13	,	207	,	82.72543371	)	,
			(	13	,	226	,	69.99929234	)	,
			(	13	,	214	,	70.10427485	)	,
			(	13	,	257	,	83.19245834	)	,
			(	13	,	54	,	86.51280998	)	,
			(	13	,	91	,	77.34470147	)	,
			(	13	,	36	,	96.57211407	)	,
			(	13	,	3	,	76.11045989	)	,
			(	13	,	277	,	79.80768077	)	,
			(	13	,	69	,	90.66395237	)	,
			(	13	,	48	,	83.52411961	)	,
			(	13	,	268	,	78.43190802	)	,
			(	13	,	221	,	76.14464349	)	,
			(	13	,	155	,	90.38619153	)	,
			(	13	,	216	,	78.21440318	)	,
			(	13	,	21	,	72.63781822	)	,
			(	13	,	265	,	82.63456842	)	,
			(	13	,	134	,	84.55497226	)	,
			(	13	,	152	,	73.78955545	)	,
			(	13	,	175	,	81.68677853	)	,
			(	13	,	192	,	82.33555034	)	,
			(	13	,	17	,	81.65502443	)	,
			(	13	,	252	,	72.44720192	)	,
			(	14	,	257	,	90.37070298	)	,
			(	14	,	183	,	71.04874746	)	,
			(	14	,	72	,	84.95636651	)	,
			(	14	,	186	,	80.74918929	)	,
			(	14	,	249	,	69.36852866	)	,
			(	14	,	8	,	79.30419993	)	,
			(	14	,	207	,	92.98613757	)	,
			(	14	,	87	,	91.31396746	)	,
			(	14	,	172	,	81.41158465	)	,
			(	14	,	12	,	61.48908491	)	,
			(	14	,	170	,	86.7950127	)	,
			(	14	,	120	,	79.6478552	)	,
			(	14	,	167	,	98.95482919	)	,
			(	14	,	188	,	61.69895372	)	,
			(	14	,	174	,	78.06935988	)	,
			(	14	,	152	,	84.6338809	)	,
			(	14	,	16	,	79.3383337	)	,
			(	14	,	26	,	81.95131564	)	,
			(	14	,	151	,	87.75330332	)	,
			(	14	,	48	,	85.2527224	)	,
			(	14	,	237	,	78.54547286	)	,
			(	14	,	116	,	87.14861206	)	,
			(	14	,	223	,	76.14791942	)	,
			(	14	,	28	,	85.47056632	)	,
			(	14	,	212	,	62.55245313	)	,
			(	14	,	191	,	71.74084512	)	,
			(	14	,	121	,	79.37526677	)	,
			(	14	,	112	,	74.89916112	)	,
			(	14	,	86	,	87.249595	)	,
			(	14	,	216	,	83.38160414	)	,
			(	14	,	109	,	75.8779484	)	,
			(	14	,	226	,	75.42423776	)	,
			(	14	,	68	,	60.63488042	)	,
			(	14	,	267	,	85.85547021	)	,
			(	14	,	19	,	83.84981639	)	,
			(	14	,	127	,	75.79178592	)	,
			(	14	,	196	,	70.33797089	)	,
			(	14	,	45	,	74.51270657	)	,
			(	15	,	277	,	90.86105654	)	,
			(	15	,	193	,	68.50069551	)	,
			(	15	,	27	,	80.77893093	)	,
			(	15	,	236	,	97.90365602	)	,
			(	15	,	68	,	67.70342903	)	,
			(	15	,	93	,	65.18374983	)	,
			(	15	,	24	,	83.08292266	)	,
			(	15	,	9	,	85.88842351	)	,
			(	15	,	263	,	87.78288588	)	,
			(	15	,	150	,	84.72141158	)	,
			(	15	,	180	,	71.6893469	)	,
			(	15	,	238	,	79.80760169	)	,
			(	15	,	103	,	77.87507766	)	,
			(	15	,	216	,	73.62315559	)	,
			(	15	,	188	,	85.56465191	)	,
			(	15	,	273	,	80.55201366	)	,
			(	15	,	126	,	68.29098769	)	,
			(	15	,	249	,	82.86337843	)	,
			(	15	,	213	,	78.51813074	)	,
			(	15	,	248	,	76.75117227	)	,
			(	15	,	182	,	75.87389178	)	,
			(	15	,	174	,	92.49806045	)	,
			(	15	,	276	,	76.26911482	)	,
			(	15	,	46	,	80.31992479	)	,
			(	15	,	148	,	69.34507262	)	,
			(	15	,	7	,	64.34444712	)	,
			(	15	,	76	,	90.08444674	)	,
			(	15	,	38	,	71.40287281	)	,
			(	15	,	1	,	72.87148667	)	,
			(	15	,	102	,	70.54843788	)	,
			(	16	,	7	,	67.14438155	)	,
			(	16	,	143	,	88.91214962	)	,
			(	16	,	194	,	78.61738559	)	,
			(	16	,	172	,	71.91733242	)	,
			(	16	,	226	,	77.4808904	)	,
			(	16	,	29	,	77.92125473	)	,
			(	16	,	181	,	87.33937182	)	,
			(	16	,	76	,	74.14100139	)	,
			(	16	,	59	,	82.52008838	)	,
			(	16	,	276	,	88.43073014	)	,
			(	16	,	206	,	73.7815729	)	,
			(	16	,	81	,	63.20377036	)	,
			(	16	,	50	,	88.76030444	)	,
			(	16	,	100	,	57.40375589	)	,
			(	16	,	119	,	87.13808346	)	,
			(	16	,	28	,	78.3057979	)	,
			(	16	,	225	,	85.26839658	)	,
			(	16	,	10	,	82.97063648	)	,
			(	16	,	249	,	91.91230325	)	,
			(	16	,	219	,	67.07691792	)	,
			(	16	,	221	,	84.32760855	)	,
			(	16	,	267	,	79.09989659	)	,
			(	16	,	86	,	90.54308329	)	,
			(	16	,	201	,	80.56408396	)	,
			(	17	,	208	,	81.21998086	)	,
			(	17	,	56	,	69.0633506	)	,
			(	17	,	176	,	92.30238478	)	,
			(	17	,	123	,	65.5540488	)	,
			(	17	,	177	,	58.17668635	)	,
			(	17	,	109	,	75.29920782	)	,
			(	17	,	137	,	75.14607351	)	,
			(	17	,	46	,	71.72735822	)	,
			(	17	,	252	,	68.59346511	)	,
			(	17	,	59	,	83.33898051	)	,
			(	17	,	222	,	81.25280379	)	,
			(	17	,	248	,	76.64649372	)	,
			(	17	,	270	,	80.99323944	)	,
			(	17	,	90	,	82.01118498	)	,
			(	17	,	229	,	94.34890834	)	,
			(	17	,	94	,	72.46132956	)	,
			(	17	,	190	,	92.62367234	)	,
			(	17	,	217	,	68.14403352	)	,
			(	17	,	87	,	71.69570225	)	,
			(	17	,	59	,	84.54112108	)	,
			(	17	,	120	,	75.17652386	)	,
			(	17	,	138	,	69.14803259	)	,
			(	17	,	27	,	76.00887873	)	,
			(	17	,	180	,	82.27348443	)	,
			(	18	,	175	,	84.54347607	)	,
			(	18	,	202	,	66.10984902	)	,
			(	18	,	265	,	73.99341777	)	,
			(	18	,	203	,	83.55450051	)	,
			(	18	,	271	,	85.88629736	)	,
			(	18	,	240	,	64.98990253	)	,
			(	18	,	257	,	86.30662073	)	,
			(	18	,	90	,	72.78232433	)	,
			(	18	,	63	,	72.80288631	)	,
			(	18	,	263	,	82.21242846	)	,
			(	18	,	73	,	75.91918602	)	,
			(	18	,	168	,	80.49723499	)	,
			(	18	,	30	,	96.87989385	)	,
			(	18	,	234	,	83.07172829	)	,
			(	18	,	163	,	74.02215419	)	,
			(	18	,	136	,	89.06064104	)	,
			(	18	,	143	,	75.50481354	)	,
			(	18	,	273	,	68.70771775	)	,
			(	18	,	17	,	68.32415303	)	,
			(	18	,	2	,	82.39420207	)	,
			(	18	,	42	,	77.07410603	)	,
			(	18	,	124	,	65.09845406	)	,
			(	18	,	73	,	84.93724627	)	,
			(	18	,	275	,	73.5116297	)	,
			(	18	,	269	,	93.61588151	)	,
			(	18	,	187	,	86.30744802	)	,
			(	18	,	198	,	69.75818025	)	,
			(	18	,	15	,	79.48436756	)	,
			(	18	,	111	,	59.13152404	)	,
			(	18	,	154	,	81.04801949	)	,
			(	18	,	151	,	80.47208128	)	,
			(	18	,	153	,	94.3740751	)	,
			(	18	,	119	,	82.3701652	)	,
			(	18	,	227	,	72.32882465	)	,
			(	19	,	250	,	84.06554933	)	,
			(	19	,	272	,	89.66311624	)	,
			(	19	,	2	,	81.15668096	)	,
			(	19	,	199	,	86.34904392	)	,
			(	19	,	247	,	82.39237491	)	,
			(	19	,	229	,	80.48033384	)	,
			(	19	,	121	,	84.1963026	)	,
			(	19	,	104	,	81.266016	)	,
			(	19	,	253	,	99.40265467	)	,
			(	19	,	156	,	71.43289304	)	,
			(	19	,	29	,	78.44535098	)	,
			(	19	,	66	,	68.46333258	)	,
			(	19	,	255	,	80.16153873	)	,
			(	19	,	129	,	71.31436841	)	,
			(	19	,	167	,	70.28078799	)	,
			(	19	,	186	,	93.85291003	)	,
			(	20	,	162	,	79.47627072	)	,
			(	20	,	240	,	70.84230827	)	,
			(	20	,	91	,	65.65016212	)	,
			(	20	,	192	,	69.79027795	)	,
			(	20	,	258	,	80.37715031	)	,
			(	20	,	21	,	84.2026806	)	,
			(	20	,	5	,	64.49484493	)	,
			(	20	,	27	,	96.20853491	)	,
			(	20	,	169	,	87.9560334	)	,
			(	20	,	269	,	76.55233053	)	,
			(	20	,	157	,	62.17434831	)	,
			(	20	,	45	,	87.24630898	)	,
			(	20	,	119	,	72.22964035	)	,
			(	20	,	6	,	68.79912946	)	,
			(	20	,	55	,	69.70888838	)	,
			(	20	,	181	,	75.60467853	)	,
			(	20	,	29	,	89.44863936	)	,
			(	20	,	191	,	70.87460484	)	,
			(	20	,	115	,	76.46257956	)	,
			(	20	,	223	,	85.57603693	)	,
			(	20	,	82	,	75.746633	)	,
			(	20	,	202	,	63.98826884	)	,
			(	20	,	217	,	83.12307774	)	,
			(	20	,	231	,	74.56470147	)	,
			(	20	,	233	,	74.26776035	)	,
			(	20	,	99	,	73.12885628	)	,
			(	20	,	104	,	82.49629746	)	,
			(	20	,	277	,	79.66989091	)	,
			(	20	,	86	,	72.76502773	)	,
			(	20	,	214	,	76.20593721	)	,
			(	20	,	227	,	66.0476714	)	,
			(	20	,	95	,	74.89493548	)	,
			(	21	,	129	,	74.08880385	)	,
			(	21	,	49	,	78.05118653	)	,
			(	21	,	130	,	74.45788084	)	,
			(	21	,	222	,	63.95153097	)	,
			(	21	,	140	,	71.1155028	)	,
			(	21	,	218	,	79.76620279	)	,
			(	21	,	145	,	82.64220773	)	,
			(	21	,	109	,	59.17190982	)	,
			(	21	,	112	,	65.56071811	)	,
			(	21	,	117	,	75.7219957	)	,
			(	21	,	277	,	78.02876948	)	,
			(	21	,	239	,	82.18206355	)	,
			(	21	,	200	,	82.20289252	)	,
			(	21	,	141	,	63.51927264	)	,
			(	21	,	270	,	73.3174278	)	,
			(	21	,	275	,	94.70287971	)	,
			(	21	,	11	,	75.01074676	)	,
			(	21	,	102	,	77.08572396	)	,
			(	21	,	64	,	82.42140391	)	,
			(	21	,	10	,	80.08503149	)	,
			(	21	,	16	,	80.18324027	)	,
			(	21	,	21	,	90.4927631	)	,
			(	21	,	224	,	70.02984905	)	,
			(	21	,	203	,	85.09738496	)	,
			(	21	,	73	,	90.71573861	)	,
			(	21	,	248	,	60.83890294	)	,
			(	21	,	23	,	89.04641473	)	,
			(	21	,	2	,	81.11377156	)	,
			(	21	,	68	,	77.02105065	)	,
			(	21	,	88	,	80.9641478	)	,
			(	21	,	18	,	71.87463418	)	,
			(	21	,	80	,	74.04547105	)	,
			(	21	,	70	,	75.05374088	)	,
			(	21	,	61	,	92.27172165	)	,
			(	22	,	280	,	65.74248264	)	,
			(	22	,	224	,	73.48021657	)	,
			(	22	,	15	,	62.07894584	)	,
			(	22	,	124	,	84.29876565	)	,
			(	22	,	113	,	77.42980035	)	,
			(	22	,	91	,	79.99213286	)	,
			(	22	,	152	,	68.70946751	)	,
			(	22	,	24	,	84.29745982	)	,
			(	22	,	157	,	80.54022957	)	,
			(	22	,	131	,	70.73483873	)	,
			(	22	,	58	,	74.77444437	)	,
			(	22	,	249	,	76.88201155	)	,
			(	22	,	164	,	72.71964475	)	,
			(	22	,	216	,	75.78259658	)	,
			(	22	,	84	,	79.9991903	)	,
			(	22	,	156	,	84.40140758	)	,
			(	22	,	280	,	83.23259959	)	,
			(	22	,	247	,	67.31870214	)	,
			(	22	,	222	,	74.16794253	)	,
			(	22	,	232	,	78.88116102	)	,
			(	22	,	126	,	78.69695308	)	,
			(	22	,	1	,	86.67753474	)	,
			(	22	,	219	,	81.66744666	)	,
			(	22	,	138	,	73.88915146	)	,
			(	23	,	85	,	74.1248028	)	,
			(	23	,	20	,	80.17514328	)	,
			(	23	,	269	,	72.53355568	)	,
			(	23	,	89	,	79.86382055	)	,
			(	23	,	211	,	60.79300413	)	,
			(	23	,	251	,	84.5113382	)	,
			(	23	,	166	,	85.73717886	)	,
			(	23	,	12	,	87.46315371	)	,
			(	23	,	141	,	74.54080309	)	,
			(	23	,	69	,	74.38631166	)	,
			(	23	,	49	,	74.46230041	)	,
			(	23	,	2	,	77.97170527	)	,
			(	23	,	37	,	73.48208354	)	,
			(	23	,	8	,	96.21692649	)	,
			(	23	,	260	,	74.23152523	)	,
			(	23	,	171	,	82.27146838	)	,
			(	23	,	107	,	83.54971753	)	,
			(	23	,	24	,	77.05419309	)	,
			(	23	,	247	,	74.857209	)	,
			(	23	,	93	,	66.88252675	)	,
			(	23	,	259	,	78.69594625	)	,
			(	23	,	139	,	79.65675729	)	,
			(	23	,	227	,	91.56440405	)	,
			(	23	,	91	,	79.15558346	)	,
			(	23	,	168	,	71.64282436	)	,
			(	23	,	266	,	55.27224255	)	,
			(	23	,	150	,	98.47212445	)	,
			(	23	,	219	,	84.01001514	)	,
			(	23	,	263	,	69.37243697	)	,
			(	23	,	4	,	69.35614393	)	,
			(	24	,	41	,	58.41377917	)	,
			(	24	,	62	,	90.32580428	)	,
			(	24	,	55	,	83.6841195	)	,
			(	24	,	205	,	78.84094566	)	,
			(	24	,	23	,	77.06751548	)	,
			(	24	,	132	,	88.60994433	)	,
			(	24	,	112	,	98.62081372	)	,
			(	24	,	58	,	80.98875634	)	,
			(	24	,	96	,	68.7869815	)	,
			(	24	,	230	,	77.06652489	)	,
			(	24	,	187	,	72.47177624	)	,
			(	24	,	181	,	88.11725211	)	,
			(	24	,	37	,	77.48772243	)	,
			(	24	,	83	,	73.89086008	)	,
			(	24	,	84	,	64.14267008	)	,
			(	24	,	226	,	65.78075035	)	,
			(	24	,	272	,	69.46150554	)	,
			(	24	,	20	,	75.28912614	)	,
			(	24	,	49	,	78.99090265	)	,
			(	24	,	213	,	91.03537146	)	,
			(	24	,	42	,	80.95354815	)	,
			(	24	,	136	,	68.27699933	)	,
			(	24	,	161	,	76.30818715	)	,
			(	24	,	130	,	75.81271994	)	,
			(	24	,	44	,	81.75946264	)	,
			(	24	,	218	,	94.03585656	)	,
			(	25	,	226	,	73.68861455	)	,
			(	25	,	76	,	66.57088737	)	,
			(	25	,	168	,	90.25938644	)	,
			(	25	,	280	,	82.73891294	)	,
			(	25	,	38	,	83.84111068	)	,
			(	25	,	179	,	72.9051915	)	,
			(	25	,	191	,	74.2113031	)	,
			(	25	,	110	,	69.03442433	)	,
			(	25	,	240	,	88.31102106	)	,
			(	25	,	223	,	77.54764185	)	,
			(	25	,	161	,	81.6270897	)	,
			(	25	,	177	,	82.39967575	)	,
			(	25	,	119	,	70.29564744	)	,
			(	25	,	11	,	66.85170655	)	,
			(	25	,	113	,	82.51266731	)	,
			(	25	,	203	,	91.58062929	)	,
			(	25	,	257	,	90.24591316	)	,
			(	25	,	45	,	72.29804164	)	,
			(	25	,	270	,	71.65739256	)	,
			(	25	,	202	,	73.31238296	)	,
			(	25	,	169	,	78.72324872	)	,
			(	25	,	153	,	83.04753207	)	,
			(	25	,	194	,	75.17697727	)	,
			(	25	,	159	,	73.54115209	)	,
			(	25	,	135	,	73.48720919	)	,
			(	25	,	58	,	74.55266078	)	,
			(	25	,	36	,	84.74321855	)	,
			(	25	,	115	,	73.06480475	)	,
			(	25	,	167	,	68.95452084	)	,
			(	25	,	75	,	67.36168624	)	,
			(	25	,	155	,	89.83799815	)	,
			(	25	,	145	,	81.48902565	)	,
			(	25	,	249	,	67.09375456	)	,
			(	25	,	125	,	77.91046905	)	,
			(	25	,	229	,	89.66895864	)	,
			(	25	,	180	,	99.89918904	)	,
			(	25	,	93	,	72.53473909	)	,
			(	25	,	223	,	90.43722153	)	,
			(	25	,	246	,	87.2407678	)	,
			(	25	,	150	,	85.67647765	)	,
			(	27	,	51	,	90.56472131	)	,
			(	27	,	266	,	84.74384381	)	,
			(	27	,	230	,	74.16143314	)	,
			(	27	,	232	,	85.22820102	)	,
			(	27	,	184	,	69.22812186	)	,
			(	27	,	153	,	80.51286075	)	,
			(	27	,	92	,	75.80661069	)	,
			(	27	,	128	,	76.72704219	)	,
			(	27	,	31	,	67.97416919	)	,
			(	27	,	25	,	97.84310191	)	,
			(	27	,	233	,	79.06930482	)	,
			(	27	,	125	,	68.54348581	)	,
			(	27	,	75	,	70.70886481	)	,
			(	27	,	37	,	86.17475773	)	,
			(	27	,	192	,	62.14530299	)	,
			(	27	,	104	,	79.26600307	)	,
			(	27	,	66	,	72.42989335	)	,
			(	27	,	103	,	77.18682379	)	,
			(	27	,	52	,	74.24452706	)	,
			(	27	,	33	,	73.64955461	)	,
			(	27	,	238	,	81.56225981	)	,
			(	27	,	272	,	80.71843723	)	,
			(	27	,	165	,	80.37889761	)	,
			(	27	,	84	,	81.14742898	)	,
			(	27	,	77	,	91.7060659	)	,
			(	27	,	197	,	63.88293829	)	,
			(	27	,	225	,	87.99945977	)	,
			(	27	,	133	,	63.36803005	)	,
			(	27	,	250	,	73.08307876	)	,
			(	27	,	249	,	58.61700697	)	,
			(	27	,	188	,	74.27231319	)	,
			(	27	,	198	,	81.47309291	)	,
			(	27	,	168	,	66.31263939	)	,
			(	27	,	224	,	80.4365766	)	,
			(	27	,	64	,	80.38597934	)	,
			(	27	,	278	,	71.99784343	)	,
			(	29	,	44	,	89.45811508	)	,
			(	29	,	21	,	73.09229691	)	,
			(	29	,	15	,	65.81264373	)	,
			(	29	,	105	,	81.81011328	)	,
			(	29	,	45	,	76.88607677	)	,
			(	29	,	212	,	84.30310683	)	,
			(	29	,	75	,	86.84208745	)	,
			(	29	,	96	,	76.46366341	)	,
			(	29	,	205	,	81.76448431	)	,
			(	29	,	202	,	73.11532895	)	,
			(	29	,	129	,	77.45860711	)	,
			(	29	,	148	,	61.57478239	)	,
			(	29	,	113	,	83.67830405	)	,
			(	29	,	118	,	71.62057819	)	,
			(	29	,	22	,	95.0779925	)	,
			(	29	,	40	,	80.03282854	)	,
			(	29	,	268	,	81.30804336	)	,
			(	29	,	189	,	78.36430598	)	,
			(	30	,	209	,	82.91285284	)	,
			(	30	,	143	,	75.37228209	)	,
			(	30	,	252	,	72.42692393	)	,
			(	30	,	135	,	84.68111864	)	,
			(	30	,	207	,	75.82100133	)	,
			(	30	,	96	,	65.72589966	)	,
			(	30	,	167	,	76.31561733	)	,
			(	30	,	255	,	74.07761011	)	,
			(	30	,	40	,	86.1863111	)	,
			(	30	,	15	,	69.77787782	)	,
			(	30	,	34	,	67.15805008	)	,
			(	30	,	64	,	82.14843121	)	,
			(	30	,	217	,	71.68107334	)	,
			(	30	,	13	,	80.13442153	)	,
			(	30	,	22	,	76.19804585	)	,
			(	30	,	158	,	76.33677626	)	,
			(	30	,	221	,	80.11435018	)	,
			(	30	,	161	,	91.34917844	)	,
			(	31	,	241	,	82.83359331	)	,
			(	31	,	5	,	65.66110585	)	,
			(	31	,	145	,	73.53710108	)	,
			(	31	,	262	,	78.33699064	)	,
			(	31	,	193	,	62.18313077	)	,
			(	31	,	93	,	91.06316453	)	,
			(	31	,	103	,	69.32808891	)	,
			(	31	,	77	,	76.9826809	)	,
			(	31	,	138	,	83.76573761	)	,
			(	31	,	133	,	66.93858802	)	,
			(	31	,	169	,	78.37607094	)	,
			(	31	,	278	,	81.50170703	)	,
			(	31	,	200	,	92.18432955	)	,
			(	31	,	162	,	74.54682031	)	,
			(	31	,	271	,	91.04097357	)	,
			(	31	,	225	,	73.01241306	)	,
			(	31	,	197	,	67.57235364	)	,
			(	31	,	149	,	84.15849601	)	,
			(	31	,	10	,	85.12039251	)	,
			(	31	,	77	,	78.48053355	)	,
			(	31	,	108	,	79.66033252	)	,
			(	31	,	193	,	80.87606111	)	,
			(	31	,	233	,	92.49557946	)	,
			(	31	,	16	,	78.50796809	)	;

--------------------------------------------------------------------
---- Question number 2 a

SELECT  depart.DepartmentName , COUNT(StudentId) AS studentNamber
	FROM dbo.Departments depart JOIN dbo.Courses course
		ON  depart.DepartmentId = course.DepartmentId
		JOIN dbo.Classrooms class
		ON course.CourseId = class.CourseId
	
	GROUP by depart.DepartmentName 
-----------------------------------------------------------------
---- Question number 2 b
-- Checking what is the Science department code
USE collage
GO
SELECT *
FROM  DBO.Departments
---------------------------

CREATE VIEW [Union Table] as
SELECT course.DepartmentId, course.CourseId, class.StudentId
FROM  dbo.Courses course JOIN dbo.Classrooms class
ON course.CourseId = class.CourseId

CREATE VIEW [student number] AS
SELECT COUNT(DISTINCT StudentId) AS [number of student in every class]
FROM [Union Table]
WHERE DepartmentID = 2
GROUP BY CourseId 

SELECT COUNT([number of student in every class]) AS [small classes]
FROM [student number]
WHERE [number of student in every class] < 22 
SELECT COUNT([number of student in every class]) AS [big classes]
FROM [student number]
WHERE [number of student in every class] > 22 ;
-------------------------------------------------------
---- Question number 2 c



SELECT COUNT(DISTINCT StudentId) AS Females
FROM dbo.Students
WHERE Gender = 'F'

SELECT COUNT(DISTINCT StudentId) AS males
FROM dbo.Students
WHERE Gender = 'M'

-------------------------------------------------------------
---- Question number 2 d


SELECT COUNT(DISTINCT StudentId) AS Females
FROM dbo.Students
WHERE Gender = 'F'

SELECT COUNT(DISTINCT StudentId) AS males
FROM dbo.Students
WHERE Gender = 'M'


---------------------------------------------------------
---- Question number 2 e

CREATE VIEW uniontable AS
SELECT dbo.Students.StudentId , dbo.Students.Gender ,dbo.Classrooms.CourseId 
FROM dbo.Students JOIN dbo.Classrooms
ON dbo.Students.StudentId = dbo.Classrooms.StudentId

CREATE VIEW gnc1 AS
SELECT Gender , CourseId , COUNT(StudentId) AS gender_in_class
FROM uniontable
GROUP BY Gender , CourseId 

CREATE VIEW gnc2 AS
SELECT  CourseId , SUM(gender_in_class) AS all_student_at_course
FROM gnc1
GROUP BY CourseId 

CREATE VIEW [2e] AS
SELECT gnc1.Gender , gnc1.CourseId , gnc1.gender_in_class , gnc2.all_student_at_course
FROM gnc1 JOIN  gnc2
ON gnc1.CourseId =  gnc2.CourseId

CREATE VIEW [2e1] AS
SELECT Gender, CourseId, (gender_in_class*1.0/all_student_at_course*1.0)*100 AS percentage
FROM  [2e]

SELECT *
FROM [2e1]
WHERE percentage > 69.999

------------------------------------------------------------------------------------
---- Question number 2 f


CREATE VIEW [2f] AS
SELECT course.DepartmentID , course.CourseId , class.degree  
FROM dbo.Classrooms class JOIN dbo.Courses course
ON course.CourseId = class.CourseId

-- all the student in any department
CREATE VIEW sum_student_per_depart AS
SELECT DepartmentID , COUNT(degree) AS [number of student in any department]
FROM [2f]
GROUP BY DepartmentID
---------------------------------------------
CREATE VIEW indicator_table AS
SELECT * ,
		CASE 
		WHEN (degree > 80) THEN (1)
	    ELSE (0)
		END AS [above 80 indicator]
FROM [2f]

-- calculate the number of student with degree above 80 at any department
CREATE VIEW sum_student_per_depart80 AS 
SELECT DepartmentID , SUM([above 80 indicator]) AS [number of degree above 80]
FROM indicator_table
GROUP BY DepartmentID

-- creating table with the number of student in any department and number of student
-- with above degree 80 in any department

CREATE VIEW [2f_last_table] AS
SELECT all_student.DepartmentID , all_student.[number of student in any department]
, above80.[number of degree above 80]
FROM dbo.sum_student_per_depart all_student JOIN sum_student_per_depart80 above80
ON all_student.DepartmentID = above80.DepartmentID

SELECT * , ([number of degree above 80]*1.0)/([number of student in any department]*1.0)*100 AS [precentage above 80] 
FROM [2f_last_table]

-----------------------------------------------------------------
---- Question number 2 g


CREATE VIEW [2g] AS
SELECT course.DepartmentID , course.CourseId , class.degree  
FROM dbo.Classrooms class JOIN dbo.Courses course
ON course.CourseId = class.CourseId

-- all the student in any department
CREATE VIEW sum_student_per_depart1 AS
SELECT DepartmentID , COUNT(degree) AS [number of student in any department]
FROM [2g]
GROUP BY DepartmentID
---------------------------------------------
CREATE VIEW indicator_table1 AS
SELECT * ,
		CASE 
		WHEN (degree < 60) THEN (1)
	    ELSE (0)
		END AS [above 60 indicator]
FROM [2g]

-- calculate the number of student with degree aunder 60 at any department
CREATE VIEW sum_student_per_depart60 AS 
SELECT DepartmentID , SUM([above 60 indicator]) AS [number of degree above 60]
FROM indicator_table1
GROUP BY DepartmentID

-- creating table with the number of student in any department and number of student
-- with above degree 80 in any department

CREATE VIEW [2g_last_table] AS
SELECT all_student.DepartmentID , all_student.[number of student in any department]
, above60.[number of degree above 60]
FROM dbo.sum_student_per_depart all_student JOIN sum_student_per_depart60 above60
ON all_student.DepartmentID = above60.DepartmentID

SELECT * , ([number of degree above 60]*1.0)/([number of student in any department]*1.0)*100 AS [precentage above 60] 
FROM [2g_last_table]

-----------------------------------------------------------------
---- Question number 2 h

CREATE VIEW teacher_degree_list AS
SELECT Teacher.TeacherId , Teacher.FirstName , Teacher.LastName , Course.CourseId ,
class.degree
FROM dbo.Teachers Teacher JOIN dbo.Courses Course
ON Teacher.TeacherId = Course.TeacherId
						  JOIN	dbo.Classrooms class
						  ON Course.CourseId = class.CourseId
CREATE VIEW avgdegree AS
SELECT Teacherid , AVG(degree) AS [average dgree for any Teacher]
FROM teacher_degree_list
GROUP BY Teacherid

SELECT Teacher.TeacherId , Teacher.FirstName , Teacher.LastName , avgdegree.[average dgree for any Teacher]
FROM dbo.Teachers Teacher JOIN dbo.avgdegree avgdegree
ON Teacher.TeacherId = avgdegree.TeacherId
ORDER BY [average dgree for any Teacher];
--------------------------------------------------------------------

-- Question number 3 a

CREATE	VIEW uniontable1 AS
SELECT course.CourseId , course.DepartmentID , course.TeacherId , class.StudentId 
FROM dbo.Courses course JOIN dbo.Classrooms class
ON course.CourseId  =  class.CourseId

CREATE VIEW targil_3a AS
SELECT CourseId , DepartmentID , TeacherId , count(StudentId) AS [number of student]
FROM uniontable1
GROUP BY CourseId , DepartmentID , TeacherId 

-------------------------------------------------------------------------------
--  Question number 3 b


CREATE VIEW a AS
SELECT class.StudentId , course.DepartmentID , class.CourseId , class.degree
FROM  dbo.Classrooms class JOIN dbo.Courses course 
ON class.CourseId = course.CourseId

CREATE VIEW a1 AS
SELECT StudentId  , COUNT(CourseId) AS [number of courses] , AVG(degree) AS [average degree]
FROM a
GROUP BY StudentId 

CREATE VIEW a2 AS
SELECT StudentId , DepartmentID , AVG(degree) AS [average degree per Department]
FROM a
GROUP BY StudentId  , DepartmentID

CREATE VIEW targil3b AS
SELECT a1.StudentId , a1.[number of courses] , a2.[average degree per Department]
 , a1.[average degree]
FROM a1 JOIN a2
ON a1.StudentId = a2.StudentId;
-------------------------------------------------------------
----------------------------------------------------------------


